date,year,month,ph,turbidity,conductivity,temperature,coagulant_dosage
02/01/2011,2011,1,7.32,2209,238.2,28.1,1059.8
05/01/2011,2011,1,7.44,2583.3,252.8,28.1,946.5
09/01/2011,2011,1,7.32,2304.9,224.7,28.1,979.4
12/01/2011,2011,1,7.32,2371.9,258.8,28.1,1030.5
16/01/2011,2011,1,7.4,3058.3,237,28.1,759.7
19/01/2011,2011,1,7.14,2314.1,243.9,27.1,842
23/01/2011,2011,1,7.17,3041.5,236.9,28.1,1017.7
26/01/2011,2011,1,7.3,2117,291.7,28.1,1116.4
02/02/2011,2011,2,7.44,606.8,146.4,27.1,578.9
05/02/2011,2011,2,7.51,504.1,167,27.1,543.7
09/02/2011,2011,2,7.58,517.7,113.1,27.1,618.9
12/02/2011,2011,2,7.66,571.5,157.4,27.1,641.1
16/02/2011,2011,2,7.48,486.2,147.9,27.1,517.5
19/02/2011,2011,2,7.52,482.2,143,27.1,605.2
23/02/2011,2011,2,7.41,613.1,148,27.1,621.6
26/02/2011,2011,2,7.4,722.3,121.2,27.1,546.6
02/03/2011,2011,3,7.07,977.5,188.5,27.1,598.8
05/03/2011,2011,3,7.14,1378.2,161.2,27.1,628.5
09/03/2011,2011,3,7.32,898.1,198.3,27.1,692.7
12/03/2011,2011,3,7.11,951.1,153.3,27.1,541.2
16/03/2011,2011,3,7.12,745,185.2,27.1,580.2
19/03/2011,2011,3,7.08,679.6,210.9,27.1,704.6
23/03/2011,2011,3,6.86,1079.2,159.9,27.1,510.1
26/03/2011,2011,3,7.09,955.2,166.7,28.1,608.6
02/04/2011,2011,4,7.1,458.8,249.2,28.1,517.7
05/04/2011,2011,4,7.21,684.2,237.7,29.1,593.8
09/04/2011,2011,4,7.22,564.6,234.7,28.1,493.3
12/04/2011,2011,4,7.1,350.8,236.3,29.1,458.5
16/04/2011,2011,4,7.41,682.3,253,28.1,493.3
19/04/2011,2011,4,7.24,607,262.5,28.1,445.3
23/04/2011,2011,4,7.04,646.2,261,28.1,504.5
26/04/2011,2011,4,7.26,766.3,273.5,28.1,583.2
02/05/2011,2011,5,7.04,184.8,191.3,27.1,272.4
05/05/2011,2011,5,7.06,259.4,201,28.1,219.8
09/05/2011,2011,5,7.12,185.7,196.5,27.1,333.1
12/05/2011,2011,5,7.12,209.7,206.8,27.1,293.5
16/05/2011,2011,5,6.83,172,247.2,27.1,187.5
19/05/2011,2011,5,6.88,187.9,171.5,28.1,275.2
23/05/2011,2011,5,7.06,153.3,217.7,27.1,248.2
26/05/2011,2011,5,7.06,159.1,176.1,27.1,266.2
02/06/2011,2011,6,6.67,430.9,140.3,27.1,236.2
05/06/2011,2011,6,6.5,340.6,127.7,27.1,265.8
09/06/2011,2011,6,6.3,440.1,164.3,27.1,304.7
12/06/2011,2011,6,6.57,477.2,125.4,27.1,233.2
16/06/2011,2011,6,6.71,276.9,138,27.1,284.2
19/06/2011,2011,6,6.58,370.3,145.2,27.1,188
23/06/2011,2011,6,6.27,167.9,161.8,27.1,235.5
26/06/2011,2011,6,6.4,296.2,125.3,27.1,252.4
02/07/2011,2011,7,6.81,453.5,108.7,28.1,425.2
05/07/2011,2011,7,6.74,410.7,108.6,28.1,396
09/07/2011,2011,7,6.8,527.2,113.3,28.1,381.7
12/07/2011,2011,7,6.78,362.3,101.1,29.1,334
16/07/2011,2011,7,6.6,446.7,107.4,28.1,373.1
19/07/2011,2011,7,6.63,472.9,98,28.1,387.2
23/07/2011,2011,7,6.79,442.4,104,29.1,442.9
26/07/2011,2011,7,6.77,484.3,99.7,29.1,360
02/08/2011,2011,8,6.83,661.3,254.6,27.1,440.5
05/08/2011,2011,8,6.91,593.8,277.5,27.1,426.2
09/08/2011,2011,8,6.71,666.9,240.4,27.1,543.7
12/08/2011,2011,8,6.71,485.6,252,27.1,372.3
16/08/2011,2011,8,6.8,569.1,258.5,27.1,362
19/08/2011,2011,8,6.86,625,233.8,27.1,409.8
23/08/2011,2011,8,6.92,689.6,248,28.1,339.8
26/08/2011,2011,8,7.06,508.7,243.2,27.1,387.3
02/09/2011,2011,9,7.01,331.6,150.4,26.1,481.2
05/09/2011,2011,9,7.39,479.1,155.6,26.1,555.3
09/09/2011,2011,9,7.31,545,158.2,26.1,439.9
12/09/2011,2011,9,7.11,649.9,133.8,26.1,587.6
16/09/2011,2011,9,6.96,545.1,128.3,27.1,570.6
19/09/2011,2011,9,7.33,538.7,165.8,27.1,361.7
23/09/2011,2011,9,7.16,368.7,153.2,26.1,379.3
26/09/2011,2011,9,7.32,541.9,138.8,26.1,389.2
02/10/2011,2011,10,6.94,123.3,26.7,27.1,175.8
05/10/2011,2011,10,6.89,127.9,24.4,27.1,275.8
09/10/2011,2011,10,6.65,165.3,25.6,27.1,299.7
12/10/2011,2011,10,6.88,164,24.1,27.1,217.9
16/10/2011,2011,10,6.74,145.7,31.6,27.1,272.8
19/10/2011,2011,10,6.98,127.7,27,27.1,203.2
23/10/2011,2011,10,6.94,97.6,25.2,27.1,272.9
26/10/2011,2011,10,6.78,120.5,27.4,26.1,253
02/11/2011,2011,11,6.63,87.3,173.9,25.1,141.7
05/11/2011,2011,11,6.54,91,176.5,25.1,168.4
09/11/2011,2011,11,6.43,71.8,174.8,25.1,140
12/11/2011,2011,11,6.61,85.7,170.5,26.1,183.5
16/11/2011,2011,11,6.44,111.7,185.1,26.1,149
19/11/2011,2011,11,6.33,119.6,171,25.1,123.1
23/11/2011,2011,11,6.61,75,188.7,26.1,135.8
26/11/2011,2011,11,6.49,101.8,183.5,26.1,158.5
02/12/2011,2011,12,6.82,225,301.6,28.1,252.5
05/12/2011,2011,12,6.88,268.6,279,28.1,273.3
09/12/2011,2011,12,7.05,406.3,281.1,28.1,322.7
12/12/2011,2011,12,6.86,270,262.6,28.1,320.5
16/12/2011,2011,12,7.03,366.3,260.7,28.1,315.6
19/12/2011,2011,12,6.79,266.6,262.1,27.1,270.2
23/12/2011,2011,12,6.99,326.9,282.5,27.1,317.6
26/12/2011,2011,12,7.1,342.3,262.4,27.1,236.3
02/01/2012,2012,1,7.2,109.9,426.1,24.1,186.2
05/01/2012,2012,1,7.21,114.6,364.3,26.1,209
09/01/2012,2012,1,7.12,96.6,430.3,25.1,165.8
12/01/2012,2012,1,7.08,104.3,448.2,25.1,204
16/01/2012,2012,1,7.28,97.6,413.5,25.1,167.8
19/01/2012,2012,1,7.08,74.3,467.4,25.1,183.4
23/01/2012,2012,1,7.19,98.5,369.8,26.1,232.5
26/01/2012,2012,1,7.12,136,352.5,25.1,248
02/02/2012,2012,2,7.06,105.6,434.5,26.1,160.3
05/02/2012,2012,2,7.02,112.1,473.6,26.1,147.5
09/02/2012,2012,2,6.95,77.2,522.3,26.1,135.4
12/02/2012,2012,2,6.88,68.1,491.8,26.1,175.8
16/02/2012,2012,2,7.17,89.4,432.9,25.1,108.3
19/02/2012,2012,2,7.08,100.9,397.5,25.1,184.3
23/02/2012,2012,2,6.92,31.9,552.8,26.1,151.8
26/02/2012,2012,2,6.92,109.2,446.7,25.1,136.6
02/03/2012,2012,3,7.46,186.5,388.2,25.1,215
05/03/2012,2012,3,7.24,177.4,335.7,25.1,239.7
09/03/2012,2012,3,7.31,127.5,408.1,25.1,207.2
12/03/2012,2012,3,7.43,190.3,371.2,26.1,250.4
16/03/2012,2012,3,7.23,111.9,360,24.1,217.2
19/03/2012,2012,3,7.46,233,412.3,26.1,275.7
23/03/2012,2012,3,7.34,213,353.9,25.1,245.5
26/03/2012,2012,3,7.33,192.5,330.5,25.1,260.5
02/04/2012,2012,4,7.61,495.5,258.2,25.1,484.5
05/04/2012,2012,4,7.59,433.6,232.1,26.1,436.4
09/04/2012,2012,4,7.7,508.7,251.3,25.1,596.2
12/04/2012,2012,4,7.56,580.9,231.4,26.1,532.1
16/04/2012,2012,4,7.73,322.5,234.5,26.1,580.2
19/04/2012,2012,4,7.47,345.7,217.7,25.1,455.2
23/04/2012,2012,4,7.8,409.2,227.9,25.1,503.6
26/04/2012,2012,4,7.74,479.8,218.9,26.1,624.7
02/05/2012,2012,5,6.76,396.8,400,28.1,285.3
05/05/2012,2012,5,6.82,571,345.8,27.1,275.5
09/05/2012,2012,5,6.84,491.3,352.6,28.1,271.9
12/05/2012,2012,5,6.92,392.9,427.3,27.1,235.3
16/05/2012,2012,5,6.87,420.1,389.1,27.1,319.7
19/05/2012,2012,5,6.69,321.1,414.3,27.1,289.5
23/05/2012,2012,5,6.89,456.5,391.4,28.1,306.9
26/05/2012,2012,5,6.92,318.3,391.5,27.1,180.7
02/06/2012,2012,6,7.1,477,321.1,23.1,399.7
05/06/2012,2012,6,7.33,552.7,343,23.1,492.9
09/06/2012,2012,6,7.34,566.4,288.8,23.1,407.2
12/06/2012,2012,6,7.09,674.8,334.1,23.1,508.3
16/06/2012,2012,6,7.1,688.8,327.6,23.1,423.2
19/06/2012,2012,6,7.12,569.9,337.5,24.1,408.8
23/06/2012,2012,6,6.99,855.3,331.3,24.1,605.1
26/06/2012,2012,6,7.04,511.2,396.6,23.1,513.1
02/07/2012,2012,7,6.83,350.5,172,24.1,289.7
05/07/2012,2012,7,6.9,205.1,180.2,24.1,290.6
09/07/2012,2012,7,6.99,232.6,175.6,25.1,258.9
12/07/2012,2012,7,7.21,311.6,170.7,24.1,334.2
16/07/2012,2012,7,6.93,305.6,179.6,24.1,339.2
19/07/2012,2012,7,7.02,415.3,181.2,24.1,428.2
23/07/2012,2012,7,6.99,269.1,184.6,24.1,283.7
26/07/2012,2012,7,7.13,198.2,172.9,25.1,285.8
02/08/2012,2012,8,7.74,660.9,307.9,27.1,388.9
05/08/2012,2012,8,7.49,603.4,360.3,26.1,587
09/08/2012,2012,8,7.63,445.6,346.3,26.1,437.8
12/08/2012,2012,8,7.53,691.4,321.7,26.1,517.2
16/08/2012,2012,8,7.76,412.6,300,26.1,488.9
19/08/2012,2012,8,7.43,316.1,365.3,27.1,478.1
23/08/2012,2012,8,7.55,511.9,358.6,26.1,458.6
26/08/2012,2012,8,7.66,470.1,335.8,27.1,477.9
02/09/2012,2012,9,6.3,351.9,408.6,27.1,219
05/09/2012,2012,9,6.13,261.1,366.5,27.1,219.9
09/09/2012,2012,9,6.32,260.5,463.5,27.1,181.5
12/09/2012,2012,9,6.22,430.5,440.7,27.1,174.2
16/09/2012,2012,9,6.4,394.8,400.6,28.1,191
19/09/2012,2012,9,6.22,443.8,409.7,27.1,209.9
23/09/2012,2012,9,6.25,258.2,416.3,27.1,185.5
26/09/2012,2012,9,6.08,431.2,334.3,27.1,221.4
02/10/2012,2012,10,6.6,742.3,326.9,27.1,368.1
05/10/2012,2012,10,6.62,503.2,334,26.1,322.7
09/10/2012,2012,10,6.64,598.8,301.6,27.1,301
12/10/2012,2012,10,6.73,525.7,360.5,27.1,307.4
16/10/2012,2012,10,6.74,709.1,280.3,26.1,360.6
19/10/2012,2012,10,6.61,351.3,273.5,27.1,279.1
23/10/2012,2012,10,6.67,600.5,321.9,27.1,314.7
26/10/2012,2012,10,6.93,353.2,345.4,26.1,269.7
02/11/2012,2012,11,7.24,2264.7,227.7,27.1,925.3
05/11/2012,2012,11,7.15,2087.9,227.7,27.1,806.7
09/11/2012,2012,11,7.12,2780.8,228.3,27.1,1052.7
12/11/2012,2012,11,7.42,1946.8,281,27.1,926.3
16/11/2012,2012,11,7.22,1867.8,243.8,27.1,1078.1
19/11/2012,2012,11,7.32,1259.5,244.8,27.1,412.6
23/11/2012,2012,11,7.27,3148.1,258,27.1,1216.4
26/11/2012,2012,11,7.34,2068.3,240.6,27.1,773.9
02/12/2012,2012,12,7.77,1534.5,361.6,24.1,863.9
05/12/2012,2012,12,7.73,1213,375,24.1,742.6
09/12/2012,2012,12,7.69,1358.3,374.8,24.1,753.5
12/12/2012,2012,12,7.71,721.3,378.2,24.1,617.7
16/12/2012,2012,12,7.96,1372.4,419,24.1,903.8
19/12/2012,2012,12,7.66,1188.3,379.3,24.1,858
23/12/2012,2012,12,7.69,1161,355.4,24.1,711.1
26/12/2012,2012,12,7.79,1003.2,396.7,24.1,638.1
02/01/2013,2013,1,6.26,2423.7,259.9,26.1,501.5
05/01/2013,2013,1,6.83,2308.1,302.2,27.1,528.8
09/01/2013,2013,1,6.39,3275,278.6,26.1,549.7
12/01/2013,2013,1,6.36,2842.8,275.5,26.1,654.1
16/01/2013,2013,1,6.68,2184.2,309.6,26.1,538
19/01/2013,2013,1,6.85,3109.9,341.8,26.1,724
23/01/2013,2013,1,6.72,2363.2,329.2,26.1,638.2
26/01/2013,2013,1,6.63,2133.1,263.1,26.1,648.9
02/02/2013,2013,2,6.68,1796.2,716.9,29.1,439.3
05/02/2013,2013,2,7.06,1986.9,720.5,30.1,428
09/02/2013,2013,2,6.7,1737.9,732,29.1,429.6
12/02/2013,2013,2,6.76,2909.8,719.4,30.1,424.1
16/02/2013,2013,2,6.76,1593.1,793,30.1,423.9
19/02/2013,2013,2,6.95,2123.2,875.6,29.1,396.5
23/02/2013,2013,2,6.81,2040.4,692.2,29.1,429.5
26/02/2013,2013,2,7,1972.6,638.4,30.1,393
02/03/2013,2013,3,6.89,2727.5,658.3,29.1,348.9
05/03/2013,2013,3,6.74,1440.3,711,29.1,246
09/03/2013,2013,3,6.6,2636,814.8,29.1,416.2
12/03/2013,2013,3,6.68,2453.1,742.1,30.1,523
16/03/2013,2013,3,6.75,1594.2,889.8,29.1,324.2
19/03/2013,2013,3,6.7,3243.1,759.1,29.1,437
23/03/2013,2013,3,6.75,3461.1,745.5,29.1,432
26/03/2013,2013,3,6.58,2444.6,711.5,29.1,345.5
02/04/2013,2013,4,6.86,2304.9,534.3,29.1,480.7
05/04/2013,2013,4,6.69,1797.1,556.4,30.1,448.3
09/04/2013,2013,4,6.8,1759.3,528.4,30.1,466.4
12/04/2013,2013,4,6.8,1385.2,554.4,30.1,498.9
16/04/2013,2013,4,6.93,1240.5,534.7,29.1,458.1
19/04/2013,2013,4,6.86,1825.9,439.2,30.1,517
23/04/2013,2013,4,6.8,1481.5,487.7,29.1,493.1
26/04/2013,2013,4,6.9,1477.7,524.9,29.1,510.4
02/05/2013,2013,5,6.57,838.2,606.8,27.1,245.2
05/05/2013,2013,5,6.6,691.5,582.1,28.1,192.9
09/05/2013,2013,5,6.44,541.2,621.9,27.1,197.5
12/05/2013,2013,5,6.2,722.8,727.2,28.1,263.8
16/05/2013,2013,5,6.44,775.6,554.9,28.1,188.8
19/05/2013,2013,5,6.56,716.2,541.4,28.1,190.4
23/05/2013,2013,5,6.33,647.4,713.8,28.1,202.1
26/05/2013,2013,5,6.53,483,619.9,27.1,164.9
02/06/2013,2013,6,6.62,492,308.8,27.1,364
05/06/2013,2013,6,6.81,388,314.8,27.1,268.8
09/06/2013,2013,6,6.89,481.6,350.7,28.1,270.2
12/06/2013,2013,6,6.83,453.6,321.6,27.1,298.9
16/06/2013,2013,6,6.86,356.5,322.5,28.1,242.9
19/06/2013,2013,6,6.65,511.3,337.7,28.1,314.2
23/06/2013,2013,6,6.57,419.6,296.7,28.1,331.3
26/06/2013,2013,6,6.92,433.4,283.2,28.1,293
02/07/2013,2013,7,6.31,1495.7,383.5,28.1,303.9
05/07/2013,2013,7,6.17,1498.1,427,28.1,282.5
09/07/2013,2013,7,6.2,1534.2,467.3,28.1,323.1
12/07/2013,2013,7,6.37,1154.7,419.8,28.1,226.2
16/07/2013,2013,7,6.2,1256.1,360.6,28.1,283
19/07/2013,2013,7,6.48,843.8,421.7,28.1,280.6
23/07/2013,2013,7,6.23,1087.4,449.7,28.1,212.9
26/07/2013,2013,7,5.95,1130.2,382.4,28.1,227.7
02/08/2013,2013,8,7.5,1484.8,317.4,24.1,791.9
05/08/2013,2013,8,7.4,2200.8,282.2,24.1,946.6
09/08/2013,2013,8,7.38,2117.2,336.8,24.1,936
12/08/2013,2013,8,7.33,3143.4,335.6,24.1,980.8
16/08/2013,2013,8,7.35,1872.8,385.6,24.1,954.3
19/08/2013,2013,8,7.19,2645.2,358.6,24.1,964
23/08/2013,2013,8,7.16,2011.2,307.9,25.1,1038.1
26/08/2013,2013,8,7.26,2524.5,396,24.1,955.4
02/09/2013,2013,9,7.41,616.4,516.3,28.1,417.3
05/09/2013,2013,9,7.54,531.4,483,28.1,521.4
09/09/2013,2013,9,7.37,545.6,406,28.1,397.4
12/09/2013,2013,9,7.52,466.5,557.9,28.1,326.9
16/09/2013,2013,9,7.58,776.8,551.1,28.1,490.9
19/09/2013,2013,9,7.63,734.4,504.4,28.1,610.7
23/09/2013,2013,9,7.48,990.6,520.4,28.1,493.5
26/09/2013,2013,9,7.46,602.3,541,28.1,466.8
02/10/2013,2013,10,6.95,476.7,395.4,28.1,349
05/10/2013,2013,10,7.01,612.4,375.1,28.1,330
09/10/2013,2013,10,6.62,426.3,373.7,28.1,268.9
12/10/2013,2013,10,6.78,383,328.7,28.1,311
16/10/2013,2013,10,6.98,380.7,415.2,28.1,261.3
19/10/2013,2013,10,7.15,397.3,381.3,27.1,308.2
23/10/2013,2013,10,6.9,413.3,377.6,28.1,268.8
26/10/2013,2013,10,6.81,422.2,496.9,28.1,182
02/11/2013,2013,11,7.07,397.5,467.5,28.1,285.2
05/11/2013,2013,11,7.24,579.4,515.2,28.1,312.3
09/11/2013,2013,11,7.06,371.7,418.8,28.1,368.8
12/11/2013,2013,11,7.12,350.8,507.8,28.1,294.5
16/11/2013,2013,11,6.94,313.5,515.2,28.1,336.6
19/11/2013,2013,11,7.12,346.8,455.6,28.1,386.6
23/11/2013,2013,11,7.05,478.3,372.5,28.1,413
26/11/2013,2013,11,7.19,274.2,435.3,28.1,271.8
02/12/2013,2013,12,7.22,1274.3,586.3,27.1,555.5
05/12/2013,2013,12,7.15,1274.7,552.2,28.1,491.8
09/12/2013,2013,12,7.25,1415.2,600.1,27.1,511.6
12/12/2013,2013,12,7.13,1570.1,664.4,27.1,558
16/12/2013,2013,12,7.29,1317.6,557.9,27.1,402
19/12/2013,2013,12,7.02,1822.8,513.8,27.1,623.2
23/12/2013,2013,12,7.2,1534,622.8,28.1,456.5
26/12/2013,2013,12,7.42,1791.3,558.5,27.1,563.9
02/01/2014,2014,1,6.84,87.7,379.5,30.1,174.9
05/01/2014,2014,1,6.84,127.6,335.2,29.1,203.7
09/01/2014,2014,1,7.08,113.4,423.5,29.1,165.1
12/01/2014,2014,1,7.17,103.4,456,29.1,194.4
16/01/2014,2014,1,6.95,102.3,399,29.1,155.4
19/01/2014,2014,1,6.95,112.8,440.1,29.1,166.8
23/01/2014,2014,1,6.98,62.2,465,30.1,164.7
26/01/2014,2014,1,7.11,89.8,453.8,29.1,119.7
02/02/2014,2014,2,6.64,434,563.8,29.1,151.5
05/02/2014,2014,2,6.45,534.7,481.2,29.1,190
09/02/2014,2014,2,6.59,474.7,453.9,29.1,194.5
12/02/2014,2014,2,6.54,382,420,29.1,174.3
16/02/2014,2014,2,6.67,373.9,407.8,30.1,181
19/02/2014,2014,2,6.79,414.9,417,29.1,205.8
23/02/2014,2014,2,6.4,479.2,495,29.1,177.5
26/02/2014,2014,2,6.64,530.5,505.2,29.1,203.8
02/03/2014,2014,3,6.77,879.4,370.4,27.1,388.4
05/03/2014,2014,3,6.69,647.8,353.3,27.1,284.5
09/03/2014,2014,3,6.58,675.3,319.5,27.1,342.7
12/03/2014,2014,3,6.7,1051.9,395.8,27.1,416.8
16/03/2014,2014,3,6.52,892.6,302.2,27.1,290.7
19/03/2014,2014,3,6.67,728.1,368.8,27.1,319.6
23/03/2014,2014,3,6.65,1148.5,371.4,27.1,313
26/03/2014,2014,3,6.63,776.3,318.7,26.1,333.1
02/04/2014,2014,4,6.88,618.7,284,28.1,413.8
05/04/2014,2014,4,6.95,773.3,334.6,28.1,442.6
09/04/2014,2014,4,6.61,889.6,306.3,28.1,361.8
12/04/2014,2014,4,6.69,831.9,283,28.1,417.9
16/04/2014,2014,4,6.76,600.1,310,28.1,345.2
19/04/2014,2014,4,6.79,671.9,281.9,28.1,363.5
23/04/2014,2014,4,6.66,540.4,323,29.1,335.8
26/04/2014,2014,4,6.81,586,301.1,29.1,350.8
02/05/2014,2014,5,7.29,604.8,380.6,27.1,424.2
05/05/2014,2014,5,7.39,903.1,348.1,27.1,558.7
09/05/2014,2014,5,7.01,804.4,372.6,27.1,495
12/05/2014,2014,5,7.22,803.9,359.3,28.1,557.4
16/05/2014,2014,5,7.1,1013.3,397.2,27.1,629.9
19/05/2014,2014,5,7.14,624.6,358.5,29.1,477.1
23/05/2014,2014,5,7.47,552.3,302,28.1,392.9
26/05/2014,2014,5,6.98,693.7,401.7,28.1,490.3
02/06/2014,2014,6,7.35,2992.6,539.6,28.1,860.9
05/06/2014,2014,6,7.33,3266.8,518.2,28.1,973.3
09/06/2014,2014,6,7.13,3171.6,502.3,28.1,713.1
12/06/2014,2014,6,7.27,1762.5,534.3,28.1,553.9
16/06/2014,2014,6,7.1,2521.2,485.5,28.1,791.2
19/06/2014,2014,6,7.05,2879.7,447.3,29.1,745.6
23/06/2014,2014,6,7.14,2982.4,479.4,28.1,887.5
26/06/2014,2014,6,7.32,2823,453.4,28.1,772.8
02/07/2014,2014,7,7.09,3130.2,332.8,28.1,959.8
05/07/2014,2014,7,7.48,2445.6,341.8,28.1,965.1
09/07/2014,2014,7,7.67,3805.9,338.2,28.1,1124.1
12/07/2014,2014,7,7.6,3963.5,359.5,28.1,952.6
16/07/2014,2014,7,7.48,3215.8,328.8,28.1,1142.4
19/07/2014,2014,7,7.39,2819.5,390,28.1,1046.4
23/07/2014,2014,7,7.55,3515.1,354.7,28.1,1202.3
26/07/2014,2014,7,7.34,1504.4,354.4,28.1,912.1
02/08/2014,2014,8,7.34,3627.8,224.6,26.1,982.8
05/08/2014,2014,8,7.35,3607.8,265.8,25.1,1259.1
09/08/2014,2014,8,7.26,1666,241.5,25.1,764
12/08/2014,2014,8,7.29,2161,240.9,26.1,1175.1
16/08/2014,2014,8,7.41,3806.9,247.8,26.1,1200.3
19/08/2014,2014,8,7.48,3217.9,209.8,25.1,1270.7
23/08/2014,2014,8,7.31,3637.1,256.8,25.1,1130.1
26/08/2014,2014,8,7.28,3955.4,232.8,26.1,1203.6
02/09/2014,2014,9,7.75,1832.8,356.9,26.1,820.3
05/09/2014,2014,9,7.55,1616,402.7,27.1,770.8
09/09/2014,2014,9,7.46,1901.8,314.4,26.1,754.9
12/09/2014,2014,9,7.43,1523.7,307.2,26.1,729.2
16/09/2014,2014,9,7.46,1764.8,358.9,26.1,768.6
19/09/2014,2014,9,7.52,1582.5,355.3,26.1,723.9
23/09/2014,2014,9,7.32,992.5,359.2,26.1,760.5
26/09/2014,2014,9,7.59,1426,361.4,27.1,851.7
02/10/2014,2014,10,7.13,421.1,142,29.1,586.4
05/10/2014,2014,10,7.21,796.6,199,27.1,527.1
09/10/2014,2014,10,7.28,1067.5,154,28.1,593.8
12/10/2014,2014,10,7.15,862.4,171.6,28.1,500.9
16/10/2014,2014,10,7.12,880.2,169.1,28.1,541.4
19/10/2014,2014,10,7.17,597.8,184.6,28.1,510
23/10/2014,2014,10,7.06,641.9,151.3,28.1,580.6
26/10/2014,2014,10,7.41,804.6,182.7,28.1,491.9
02/11/2014,2014,11,7.25,798.2,326.3,28.1,529
05/11/2014,2014,11,7.3,1166.9,425.5,28.1,611.7
09/11/2014,2014,11,7.56,1026.6,352.6,29.1,489.5
12/11/2014,2014,11,7.28,921.5,419.9,28.1,675.8
16/11/2014,2014,11,7.26,744.6,395.1,29.1,506.5
19/11/2014,2014,11,7.23,1057.8,361.6,28.1,533.4
23/11/2014,2014,11,7.4,772.7,380.5,28.1,456.4
26/11/2014,2014,11,7.28,1111.6,418.4,28.1,589.7
02/12/2014,2014,12,7.26,1255.1,253,29.1,709.4
05/12/2014,2014,12,7.32,1198.7,280.6,30.1,709.6
09/12/2014,2014,12,6.96,624.3,330,30.1,539.9
12/12/2014,2014,12,7.21,1062.3,272.6,29.1,536.3
16/12/2014,2014,12,7.11,1467,286.2,29.1,730.4
19/12/2014,2014,12,7.16,1081.3,310.7,29.1,583.1
23/12/2014,2014,12,7.22,1589,319.1,29.1,671
26/12/2014,2014,12,7.12,1186.4,291.8,29.1,593.2
02/01/2015,2015,1,6.92,4102.6,474.3,28.1,653.2
05/01/2015,2015,1,6.95,4843,480.5,28.1,1007.5
09/01/2015,2015,1,6.97,3457.8,434.2,28.1,708.1
12/01/2015,2015,1,6.94,3851.1,443.2,27.1,623.4
16/01/2015,2015,1,6.99,3131.7,384.6,28.1,805
19/01/2015,2015,1,6.82,3723.5,431.6,28.1,733.9
23/01/2015,2015,1,6.83,2043.2,482.2,28.1,781.2
26/01/2015,2015,1,6.76,3487.1,469.4,27.1,880.4
02/02/2015,2015,2,6.72,1667.9,328.2,29.1,532.4
05/02/2015,2015,2,6.68,1949.9,299.8,28.1,490.1
09/02/2015,2015,2,6.66,2137.2,326.6,28.1,643.3
12/02/2015,2015,2,6.98,1754.9,346.3,28.1,515.9
16/02/2015,2015,2,6.77,1836.3,310.4,29.1,519.3
19/02/2015,2015,2,7.03,2087.5,310.6,29.1,537.8
23/02/2015,2015,2,6.78,1802.5,348.8,28.1,523.8
26/02/2015,2015,2,6.64,2483.7,337.3,28.1,615.8
02/03/2015,2015,3,6.6,2680.4,242,27.1,671.5
05/03/2015,2015,3,6.36,2912.7,293.5,27.1,692.6
09/03/2015,2015,3,6.6,2665.6,295,27.1,470.7
12/03/2015,2015,3,6.69,1907.8,279,26.1,621.6
16/03/2015,2015,3,6.37,3830.2,308.9,27.1,640
19/03/2015,2015,3,6.39,3766.3,272.1,27.1,675.6
23/03/2015,2015,3,6.62,2071.4,294.8,26.1,541.2
26/03/2015,2015,3,6.53,2965.7,254.8,26.1,614.9
02/04/2015,2015,4,7.27,1456.6,280.7,27.1,732.8
05/04/2015,2015,4,7.37,1479.9,264.6,28.1,576.6
09/04/2015,2015,4,7.4,999.4,310.1,28.1,721.2
12/04/2015,2015,4,7.4,1227.7,321.4,27.1,670.2
16/04/2015,2015,4,7.35,1549.5,295.7,27.1,734.3
19/04/2015,2015,4,7.43,1185.4,341.1,28.1,855.1
23/04/2015,2015,4,7.4,1800.7,265.8,27.1,717.6
26/04/2015,2015,4,7.19,2300.9,320.6,27.1,940.2
02/05/2015,2015,5,7.02,880.3,470.4,30.1,449.7
05/05/2015,2015,5,7.05,767,595.3,29.1,447
09/05/2015,2015,5,7.5,898.2,479,30.1,384.6
12/05/2015,2015,5,7.3,914.5,448.7,29.1,428.8
16/05/2015,2015,5,6.99,904.8,503.6,30.1,401.6
19/05/2015,2015,5,6.99,622.2,484.1,29.1,390.1
23/05/2015,2015,5,7.21,765.1,481.3,30.1,393.2
26/05/2015,2015,5,7.22,647.9,489.6,30.1,379.4
02/06/2015,2015,6,7.5,951.2,305.8,27.1,765.9
05/06/2015,2015,6,7.32,896.2,277.8,27.1,559.4
09/06/2015,2015,6,7.17,566.8,284.8,26.1,427.8
12/06/2015,2015,6,7.34,815.7,246.6,27.1,538.5
16/06/2015,2015,6,6.96,821.1,276.1,26.1,576.5
19/06/2015,2015,6,7.27,1000.1,282.5,26.1,675.2
23/06/2015,2015,6,7.31,535.3,351,26.1,581.8
26/06/2015,2015,6,7.38,733.6,255.3,27.1,458.9
02/07/2015,2015,7,7.33,608,302.2,28.1,500.5
05/07/2015,2015,7,7.62,651.7,327.2,27.1,511.4
09/07/2015,2015,7,7.47,648.8,338.7,28.1,625.1
12/07/2015,2015,7,7.41,252.3,369.4,28.1,455.8
16/07/2015,2015,7,7.48,461.3,346.3,27.1,475.9
19/07/2015,2015,7,7.53,539.2,348.9,27.1,554.2
23/07/2015,2015,7,7.48,669.1,327.3,28.1,483.5
26/07/2015,2015,7,7.29,553.5,368,28.1,492.7
02/08/2015,2015,8,6.96,1089.8,462.6,29.1,591.5
05/08/2015,2015,8,7.07,1167,389.6,29.1,460
09/08/2015,2015,8,6.85,967.9,477.9,29.1,433.7
12/08/2015,2015,8,7.14,1056.2,395,28.1,497.2
16/08/2015,2015,8,7.02,712.3,466.1,29.1,459.1
19/08/2015,2015,8,7.08,797.4,469.1,29.1,470.1
23/08/2015,2015,8,6.88,1098.9,416.3,29.1,494.5
26/08/2015,2015,8,7.06,710.6,467.3,29.1,348.3
02/09/2015,2015,9,7.04,885,297.6,26.1,441.6
05/09/2015,2015,9,6.75,987.8,249.7,25.1,449.6
09/09/2015,2015,9,6.98,670.4,294.3,25.1,476.1
12/09/2015,2015,9,7.07,739,232.1,26.1,531.5
16/09/2015,2015,9,6.95,705.8,300.8,26.1,479.6
19/09/2015,2015,9,7.04,981.6,307.3,26.1,398.5
23/09/2015,2015,9,7.15,677.8,270.1,26.1,570.9
26/09/2015,2015,9,7.03,1152.6,288.1,26.1,480.1
02/10/2015,2015,10,6.71,1072.8,425.9,28.1,484.7
05/10/2015,2015,10,6.98,1253.8,373,28.1,515.1
09/10/2015,2015,10,7.04,1470.7,435.7,28.1,578.5
12/10/2015,2015,10,6.88,1272.1,379.4,27.1,579.5
16/10/2015,2015,10,7.06,1341.9,412,28.1,583.3
19/10/2015,2015,10,6.99,1140.2,433,27.1,496.6
23/10/2015,2015,10,7.22,989,401.5,28.1,446
26/10/2015,2015,10,7.2,1459.6,419.5,28.1,477.9
02/11/2015,2015,11,7.29,3705.9,373.7,29.1,1003.2
05/11/2015,2015,11,7.23,5355.4,326.4,29.1,1217.3
09/11/2015,2015,11,7.34,3676.7,340.4,29.1,1128.5
12/11/2015,2015,11,7.24,2572,323.6,28.1,932.2
16/11/2015,2015,11,7.41,3544.1,400.3,29.1,1121.5
19/11/2015,2015,11,7.13,2784.3,333.8,29.1,1024.8
23/11/2015,2015,11,7.3,4051.6,403.4,29.1,906.4
26/11/2015,2015,11,7.38,3030.1,370.5,28.1,896.6
02/12/2015,2015,12,7.26,4661,369.7,27.1,983.5
05/12/2015,2015,12,7.05,3605.9,387,27.1,998.8
09/12/2015,2015,12,7.41,3617.1,437.1,27.1,1069.1
12/12/2015,2015,12,7.09,4696.6,402.1,27.1,956.7
16/12/2015,2015,12,7.25,4466.7,376.3,27.1,1155.2
19/12/2015,2015,12,7.1,5366.9,412.4,27.1,1162.5
23/12/2015,2015,12,7.16,6529.3,356,27.1,1334
26/12/2015,2015,12,7.13,3696.3,419.4,27.1,1057.8
02/01/2016,2016,1,6.71,2166.1,404.1,25.1,643.5
05/01/2016,2016,1,6.8,5293.6,497.6,26.1,783.1
09/01/2016,2016,1,6.78,4590,449.5,26.1,800.7
12/01/2016,2016,1,6.5,5692,420.1,26.1,884.3
16/01/2016,2016,1,6.85,3495.6,448.1,26.1,682
19/01/2016,2016,1,6.78,4544.7,518.5,26.1,848.2
23/01/2016,2016,1,6.82,4411.9,444.6,26.1,813.2
26/01/2016,2016,1,7.23,6286.1,481.4,26.1,972.2
02/02/2016,2016,2,6.54,4768.1,197.8,26.1,689.1
05/02/2016,2016,2,6.58,3486.6,216.5,27.1,830.5
09/02/2016,2016,2,6.41,4252.8,172.7,27.1,635.6
12/02/2016,2016,2,6.56,1530.9,220.5,26.1,708.6
16/02/2016,2016,2,6.73,3188.8,206.1,27.1,569
19/02/2016,2016,2,6.55,3148.6,185.3,27.1,976.1
23/02/2016,2016,2,6.69,5005.8,209.7,27.1,878.5
26/02/2016,2016,2,6.59,5018.5,169.9,27.1,847.8
02/03/2016,2016,3,6.3,648.6,209.8,27.1,253.6
05/03/2016,2016,3,6.38,464.6,232.8,26.1,165.7
09/03/2016,2016,3,6.48,494.4,242.5,26.1,269.6
12/03/2016,2016,3,6.51,570.5,292.9,27.1,292.2
16/03/2016,2016,3,6.36,593,263.7,26.1,313.4
19/03/2016,2016,3,6.79,519.7,222.4,26.1,285.8
23/03/2016,2016,3,6.68,635.1,262.2,26.1,275.1
26/03/2016,2016,3,6.57,554.1,217.7,27.1,312.5
02/04/2016,2016,4,7.48,815.6,366,27.1,388.5
05/04/2016,2016,4,7.31,915,390.3,27.1,571.3
09/04/2016,2016,4,7.44,868.2,309.4,27.1,687.1
12/04/2016,2016,4,7.48,1020.1,330.2,27.1,591.4
16/04/2016,2016,4,7.39,985.5,343.5,27.1,559.7
19/04/2016,2016,4,7.45,629.3,327.9,27.1,614
23/04/2016,2016,4,7.31,828.4,407.2,27.1,374.9
26/04/2016,2016,4,7.41,809.8,325.6,27.1,644.4
02/05/2016,2016,5,7.67,507.7,429.8,25.1,545.3
05/05/2016,2016,5,7.54,936.3,412.7,25.1,556.1
09/05/2016,2016,5,7.29,430.8,386.1,25.1,544.6
12/05/2016,2016,5,7.39,1038.6,412.6,25.1,661.6
16/05/2016,2016,5,7.5,817.1,364.6,25.1,580.7
19/05/2016,2016,5,7.56,864.2,422.8,25.1,532.7
23/05/2016,2016,5,7.52,658.1,452.4,25.1,635.9
26/05/2016,2016,5,7.67,899.2,430.9,25.1,652
02/06/2016,2016,6,7.29,496.5,261.6,28.1,439.7
05/06/2016,2016,6,7.23,340.6,262.5,29.1,489.1
09/06/2016,2016,6,7.27,515.5,236.1,29.1,484.6
12/06/2016,2016,6,7.28,411.7,236,29.1,440
16/06/2016,2016,6,7.08,508,249.5,29.1,424.9
19/06/2016,2016,6,7.46,333.7,231.9,29.1,428.1
23/06/2016,2016,6,7.29,336.8,270.8,30.1,396.1
26/06/2016,2016,6,7.34,481.2,243.7,29.1,547.9
02/07/2016,2016,7,6.81,352.7,332,28.1,364.8
05/07/2016,2016,7,6.93,492.7,262,28.1,337.4
09/07/2016,2016,7,7.1,273.9,239.9,28.1,350.8
12/07/2016,2016,7,7.05,517.4,231.5,28.1,303.2
16/07/2016,2016,7,7.1,409.4,294.1,27.1,358.9
19/07/2016,2016,7,7.05,596.9,231.4,27.1,415.7
23/07/2016,2016,7,6.85,329.6,267.9,27.1,331.3
26/07/2016,2016,7,6.95,427.5,287.5,28.1,380.3
02/08/2016,2016,8,6.85,388,271.8,24.1,320
05/08/2016,2016,8,6.7,834.4,343.7,23.1,368.5
09/08/2016,2016,8,6.72,444.1,229.5,24.1,451.6
12/08/2016,2016,8,6.97,742.6,298.1,24.1,515.6
16/08/2016,2016,8,6.91,683.1,267.1,24.1,372.4
19/08/2016,2016,8,6.82,577.5,290.9,24.1,450.6
23/08/2016,2016,8,6.77,798.8,282.6,24.1,427.2
26/08/2016,2016,8,6.58,827.5,253,24.1,502.1
02/09/2016,2016,9,7,3419.3,476,27.1,855.7
05/09/2016,2016,9,6.98,4558,490.9,27.1,934.9
09/09/2016,2016,9,6.78,1911,566,26.1,706.7
12/09/2016,2016,9,7.05,4007.9,394.1,27.1,724.3
16/09/2016,2016,9,7.03,2787.7,559.8,27.1,884.6
19/09/2016,2016,9,6.91,4867.4,518.5,27.1,759.4
23/09/2016,2016,9,6.9,3339.7,450.5,27.1,601.6
26/09/2016,2016,9,6.96,3109,456.3,27.1,699.9
02/10/2016,2016,10,7.32,2877.2,303,26.1,1151.5
05/10/2016,2016,10,7.19,2674.4,341.5,26.1,869.9
09/10/2016,2016,10,7.11,2963.8,362.2,26.1,850.8
12/10/2016,2016,10,7.33,2009.5,403.2,26.1,957.3
16/10/2016,2016,10,7.43,3425,368.6,26.1,945.8
19/10/2016,2016,10,7.35,2554.2,338.6,26.1,640.3
23/10/2016,2016,10,7.29,3776.7,313.7,26.1,1078.6
26/10/2016,2016,10,7.22,2839.3,385.2,26.1,1021.8
02/11/2016,2016,11,6.45,2555.1,224.6,28.1,612.7
05/11/2016,2016,11,6.42,1955.4,194.4,28.1,590.9
09/11/2016,2016,11,6.39,2723.9,189.8,28.1,560.2
12/11/2016,2016,11,6.26,2223.5,206,27.1,562.5
16/11/2016,2016,11,6.58,4090.4,220.1,28.1,631.6
19/11/2016,2016,11,6.62,4655.3,207.1,28.1,565.8
23/11/2016,2016,11,6.2,3087.3,176,28.1,657.5
26/11/2016,2016,11,6.28,3829,190,28.1,655.6
02/12/2016,2016,12,7.22,565.6,293.4,23.1,630.4
05/12/2016,2016,12,7.14,1397,277.4,22.1,750.9
09/12/2016,2016,12,6.96,874.8,338.4,23.1,599.6
12/12/2016,2016,12,7.06,1119.3,302.8,23.1,558.4
16/12/2016,2016,12,7.05,1276,294.7,23.1,768.4
19/12/2016,2016,12,7.11,1008.6,247.1,22.1,585.1
23/12/2016,2016,12,7.17,931.1,246.8,23.1,430.1
26/12/2016,2016,12,7.17,1147.5,287.5,22.1,809.9
02/01/2017,2017,1,6.81,868.7,390,27.1,412.1
05/01/2017,2017,1,6.62,565.9,309.4,27.1,331.6
09/01/2017,2017,1,6.73,653.5,387.9,27.1,338.2
12/01/2017,2017,1,6.8,453.5,398.3,27.1,294.5
16/01/2017,2017,1,6.73,1057.8,365.2,28.1,445.7
19/01/2017,2017,1,6.76,656.2,382.5,27.1,377.8
23/01/2017,2017,1,6.77,923.8,454.1,28.1,351.8
26/01/2017,2017,1,6.77,1044.7,423.8,28.1,378.7
02/02/2017,2017,2,7.06,1025.4,361.5,27.1,505.1
05/02/2017,2017,2,6.65,410.2,393.1,27.1,418.2
09/02/2017,2017,2,6.91,882.2,496.4,27.1,501.6
12/02/2017,2017,2,6.91,1271.1,511,27.1,526.4
16/02/2017,2017,2,6.76,969.3,431.5,27.1,417.2
19/02/2017,2017,2,6.91,738.7,385.5,27.1,432.4
23/02/2017,2017,2,7.01,1125.1,520.6,27.1,474
26/02/2017,2017,2,6.59,1241.9,500.3,26.1,341.8
02/03/2017,2017,3,6.84,1102.3,656.8,27.1,318.4
05/03/2017,2017,3,6.72,1530.8,669.3,27.1,256.1
09/03/2017,2017,3,6.55,700.1,657.8,27.1,240.9
12/03/2017,2017,3,6.95,1251.7,641.6,27.1,276.8
16/03/2017,2017,3,6.92,1161.2,847.5,28.1,230.2
19/03/2017,2017,3,6.81,1065.5,796.3,27.1,276.1
23/03/2017,2017,3,6.84,760.1,834.3,28.1,251.7
26/03/2017,2017,3,6.94,884.3,631.5,28.1,209.8
02/04/2017,2017,4,7.13,789,365.3,27.1,584.8
05/04/2017,2017,4,7.24,933.2,286.4,27.1,613.1
09/04/2017,2017,4,7.29,1590.3,289.6,27.1,704.3
12/04/2017,2017,4,7.3,1250.8,333.9,27.1,662.5
16/04/2017,2017,4,7.27,940.1,269.9,27.1,648.9
19/04/2017,2017,4,7.34,1040.7,295.2,27.1,542.2
23/04/2017,2017,4,7.37,611.7,329.3,27.1,641.5
26/04/2017,2017,4,7.38,1244,295.1,27.1,738.6
02/05/2017,2017,5,6.45,399.9,293.8,26.1,236.5
05/05/2017,2017,5,6.2,205.3,352.2,26.1,181.2
09/05/2017,2017,5,6.47,357,325.9,26.1,212.3
12/05/2017,2017,5,6.72,355,330,26.1,222.1
16/05/2017,2017,5,6.41,308,330,26.1,229.2
19/05/2017,2017,5,6.36,280.6,323.4,26.1,202.8
23/05/2017,2017,5,6.5,363,363.3,27.1,215.7
26/05/2017,2017,5,6.49,363.2,325.3,26.1,191.4
02/06/2017,2017,6,6.52,133.3,204.6,27.1,152.4
05/06/2017,2017,6,6.58,85.9,216.6,27.1,170.6
09/06/2017,2017,6,6.48,184,159.7,28.1,175
12/06/2017,2017,6,6.7,128.4,157.2,27.1,140.7
16/06/2017,2017,6,6.59,247.6,177,27.1,170.5
19/06/2017,2017,6,6.54,230,197.5,28.1,198.9
23/06/2017,2017,6,6.37,113.6,196.1,28.1,162.1
26/06/2017,2017,6,6.38,117.3,205.8,27.1,160.3
02/07/2017,2017,7,7.42,240.8,368.9,27.1,314
05/07/2017,2017,7,7.22,253,331.6,27.1,299.6
09/07/2017,2017,7,7.19,151.8,379.2,27.1,277.3
12/07/2017,2017,7,7.04,301.5,333.3,28.1,297.4
16/07/2017,2017,7,7.28,316.5,324.6,28.1,368.5
19/07/2017,2017,7,7.52,211.6,325.3,28.1,331
23/07/2017,2017,7,7.31,197.2,294.3,28.1,329.2
26/07/2017,2017,7,7.27,327.6,362.9,27.1,318.1
02/08/2017,2017,8,7.81,238.9,281.8,26.1,398.4
05/08/2017,2017,8,7.78,231.6,288.4,27.1,291.4
09/08/2017,2017,8,7.83,177.2,281.4,26.1,315.6
12/08/2017,2017,8,7.99,216.3,261.2,26.1,327.8
16/08/2017,2017,8,7.87,177.5,281.3,27.1,394.1
19/08/2017,2017,8,8.04,219,298.5,26.1,372.4
23/08/2017,2017,8,7.98,142.9,290.4,26.1,287.3
26/08/2017,2017,8,7.74,124.5,296.3,26.1,311.5
02/09/2017,2017,9,6.42,54.9,152.8,27.1,153.9
05/09/2017,2017,9,6.27,80.5,147.6,27.1,150.6
09/09/2017,2017,9,6.38,79.9,162.7,27.1,137.9
12/09/2017,2017,9,6.5,63.3,181.8,28.1,124.3
16/09/2017,2017,9,6.59,89.9,160.1,28.1,175.8
19/09/2017,2017,9,6.31,77.5,172.4,27.1,176
23/09/2017,2017,9,6.4,90.6,138.2,27.1,133.4
26/09/2017,2017,9,6.42,72.2,160.4,27.1,148
02/10/2017,2017,10,7.21,136.8,266.4,28.1,180.7
05/10/2017,2017,10,7.13,110.8,225.7,27.1,226.5
09/10/2017,2017,10,7.1,139.1,211.3,27.1,235.8
12/10/2017,2017,10,7.09,87.1,242.2,26.1,254.6
16/10/2017,2017,10,6.98,104.8,242.3,27.1,213.8
19/10/2017,2017,10,7.03,65,256.2,27.1,190.5
23/10/2017,2017,10,7.25,73.4,265.1,27.1,201.1
26/10/2017,2017,10,6.93,122.9,242.9,27.1,234.5
02/11/2017,2017,11,6.83,425.5,242.4,27.1,348.2
05/11/2017,2017,11,6.99,252.4,303.8,27.1,312.8
09/11/2017,2017,11,6.94,232.3,260.7,26.1,307.8
12/11/2017,2017,11,6.93,215.3,277.5,26.1,239
16/11/2017,2017,11,6.84,282.7,245.3,26.1,355.4
19/11/2017,2017,11,6.72,306.7,268,26.1,388
23/11/2017,2017,11,6.94,306,266.8,26.1,393
26/11/2017,2017,11,6.78,195.1,215.3,26.1,193.3
02/12/2017,2017,12,6.9,393.1,149.9,27.1,375.1
05/12/2017,2017,12,7.22,331.6,165.3,27.1,315.6
09/12/2017,2017,12,6.89,468.2,156.9,27.1,380.6
12/12/2017,2017,12,7.14,443.2,137.4,27.1,367.6
16/12/2017,2017,12,6.89,444.1,143.1,28.1,527.2
19/12/2017,2017,12,7.1,439.8,159.3,26.1,405.9
23/12/2017,2017,12,7.33,171.3,155.5,26.1,379
26/12/2017,2017,12,7.18,372.7,148.7,27.1,320.3
02/01/2018,2018,1,7.37,2955.3,193.2,27.1,996.7
05/01/2018,2018,1,7.44,2515.8,177.1,27.1,1013.5
09/01/2018,2018,1,7.15,2739.4,185.2,28.1,1174.4
12/01/2018,2018,1,7.38,4022.9,166.2,28.1,1422.7
16/01/2018,2018,1,7.46,3993.9,181.9,27.1,1316.5
19/01/2018,2018,1,7.29,3525.3,174.4,28.1,1026.7
23/01/2018,2018,1,7.43,2916,154.9,28.1,1259.8
26/01/2018,2018,1,7.68,3331.3,175,27.1,1204.8
02/02/2018,2018,2,7.24,2777.3,218.6,26.1,847.7
05/02/2018,2018,2,7.05,1858.5,224.8,25.1,795.4
09/02/2018,2018,2,6.97,2800.9,213.9,26.1,1080.3
12/02/2018,2018,2,7.27,1754.2,247.2,25.1,739.5
16/02/2018,2018,2,7.09,2109.5,215.8,25.1,988.6
19/02/2018,2018,2,7.13,1928.5,224.5,25.1,735.8
23/02/2018,2018,2,7.25,3166.4,243,25.1,837.5
26/02/2018,2018,2,6.98,2724.8,204.2,25.1,1044.8
02/03/2018,2018,3,7.05,536.3,230.8,25.1,606.3
05/03/2018,2018,3,7.1,633.6,213.7,25.1,612.4
09/03/2018,2018,3,7.17,861.2,249.4,25.1,467.7
12/03/2018,2018,3,7.06,818.5,224.6,24.1,568.2
16/03/2018,2018,3,7.13,872.9,239.8,25.1,598.8
19/03/2018,2018,3,7.25,1002.7,219.2,25.1,577.6
23/03/2018,2018,3,7.1,811.3,215.7,25.1,561.8
26/03/2018,2018,3,7.1,951.2,230.8,25.1,591.2
02/04/2018,2018,4,7.44,532.3,243.2,26.1,589.4
05/04/2018,2018,4,7.54,295.7,216.3,26.1,475
09/04/2018,2018,4,7.78,375.4,218.4,26.1,580.4
12/04/2018,2018,4,7.41,394,218.8,26.1,376.5
16/04/2018,2018,4,7.44,534.3,240.5,27.1,369.9
19/04/2018,2018,4,7.49,312.7,225.7,26.1,513.9
23/04/2018,2018,4,7.54,197.2,248.3,26.1,453.9
26/04/2018,2018,4,7.53,454.3,180.8,26.1,529
02/05/2018,2018,5,7.36,82.7,89.8,26.1,303.5
05/05/2018,2018,5,7.5,211.3,85.5,27.1,378.7
09/05/2018,2018,5,7.25,196.8,94.4,26.1,409.5
12/05/2018,2018,5,7.29,203,87.6,26.1,281
16/05/2018,2018,5,7.61,178.8,87.6,26.1,310.2
19/05/2018,2018,5,7.39,124,77.3,26.1,380.7
23/05/2018,2018,5,7.61,140.2,87.8,26.1,295.1
26/05/2018,2018,5,7.43,271.1,94.1,26.1,363.8
02/06/2018,2018,6,7.73,730.7,152.4,25.1,626.7
05/06/2018,2018,6,7.3,654.9,169.3,25.1,633.6
09/06/2018,2018,6,7.62,567.2,153.4,25.1,526.8
12/06/2018,2018,6,7.6,621.9,156.2,26.1,730.4
16/06/2018,2018,6,7.39,466.3,161.5,25.1,551.7
19/06/2018,2018,6,7.51,575.3,148,25.1,692.8
23/06/2018,2018,6,7.43,803.3,153.6,25.1,671.4
26/06/2018,2018,6,7.5,540.3,177.6,25.1,659.5
02/07/2018,2018,7,7.56,327.7,241.4,27.1,484.8
05/07/2018,2018,7,7.31,505,256.1,26.1,419.7
09/07/2018,2018,7,7.44,372.3,254.5,27.1,533.7
12/07/2018,2018,7,7.22,374.3,221.3,27.1,490
16/07/2018,2018,7,7.45,500.5,235.2,27.1,405.4
19/07/2018,2018,7,7.38,551.2,243.4,27.1,625.2
23/07/2018,2018,7,7.41,596.2,211.5,27.1,416.1
26/07/2018,2018,7,7.28,612.9,256.5,27.1,507.4
02/08/2018,2018,8,6.74,1077,345.9,27.1,620
05/08/2018,2018,8,7.27,1269.5,320.1,28.1,686.4
09/08/2018,2018,8,7.06,883.2,361.4,27.1,487.6
12/08/2018,2018,8,6.93,916.4,295.3,27.1,586.6
16/08/2018,2018,8,7.04,1173.5,309.1,27.1,494
19/08/2018,2018,8,7.05,1472.7,307.2,27.1,459.8
23/08/2018,2018,8,6.94,1599,368.6,27.1,680
26/08/2018,2018,8,7.05,1608.6,364.5,27.1,689.6
02/09/2018,2018,9,7.48,1030.4,256.4,26.1,584.8
05/09/2018,2018,9,7.45,621.3,296.3,26.1,449.5
09/09/2018,2018,9,7.63,823.2,304.5,26.1,521.8
12/09/2018,2018,9,7.48,797.8,307.8,26.1,581.8
16/09/2018,2018,9,7.6,1327.6,241.8,26.1,819.2
19/09/2018,2018,9,7.53,777.9,271.5,26.1,732.1
23/09/2018,2018,9,7.37,1060.1,268.5,26.1,787.4
26/09/2018,2018,9,7.32,1161.9,293.2,26.1,793.9
02/10/2018,2018,10,7.1,188,116.5,25.1,281.7
05/10/2018,2018,10,7.01,234.1,107.8,26.1,287.4
09/10/2018,2018,10,7.04,250.6,111.7,25.1,351.9
12/10/2018,2018,10,7,297.8,98.3,25.1,325.3
16/10/2018,2018,10,6.89,261.7,101.9,25.1,331
19/10/2018,2018,10,7.03,202.3,103.2,25.1,312.6
23/10/2018,2018,10,6.78,288.9,116.2,25.1,271.2
26/10/2018,2018,10,7.07,276.6,124.4,26.1,376.5
02/11/2018,2018,11,7.08,3709.9,210.4,27.1,1262.4
05/11/2018,2018,11,7.27,3195.2,200.8,27.1,991.7
09/11/2018,2018,11,7.2,4069.7,202.4,27.1,1179.3
12/11/2018,2018,11,7.39,4223.2,220.5,27.1,1079.7
16/11/2018,2018,11,7.28,4173.7,187.3,27.1,1036.7
19/11/2018,2018,11,7.27,3624.7,242.1,27.1,1286.5
23/11/2018,2018,11,6.97,4728.1,173,27.1,1171.1
26/11/2018,2018,11,7.23,3155.6,195.4,27.1,1204.5
02/12/2018,2018,12,7.98,547,85.5,25.1,701.9
05/12/2018,2018,12,7.8,1319.1,96.5,24.1,1000.9
09/12/2018,2018,12,7.73,659.4,95.1,25.1,884.5
12/12/2018,2018,12,7.77,998.4,94.3,25.1,931.8
16/12/2018,2018,12,7.9,969.2,83.4,25.1,749.9
19/12/2018,2018,12,7.73,633,78.5,26.1,733
23/12/2018,2018,12,7.71,943.4,82.2,25.1,822.9
26/12/2018,2018,12,7.78,826.4,88.6,26.1,755.9
02/01/2019,2019,1,7.55,3849.5,225.9,28.1,1021.2
05/01/2019,2019,1,7.07,3713,234.1,27.1,1053.4
09/01/2019,2019,1,7.41,2998.8,206.6,27.1,1141
12/01/2019,2019,1,7.4,2065.5,166.2,28.1,1049.5
16/01/2019,2019,1,7.36,4596.9,228.4,28.1,1316.6
19/01/2019,2019,1,7.62,3374.8,196.8,28.1,1198.9
23/01/2019,2019,1,7.3,2491.6,182.4,27.1,1266
26/01/2019,2019,1,7.5,2910,167.7,27.1,1422.1
02/02/2019,2019,2,7.21,2442.1,215.7,25.1,940.2
05/02/2019,2019,2,7.1,1598.9,209.1,26.1,969.7
09/02/2019,2019,2,7.05,2763.3,248.7,26.1,943.9
12/02/2019,2019,2,7.32,1681.6,206.7,26.1,804.6
16/02/2019,2019,2,7.02,3098.5,200.1,26.1,924.6
19/02/2019,2019,2,7.13,2715.4,233.1,26.1,745.5
23/02/2019,2019,2,7.2,2523.5,204.8,26.1,937
26/02/2019,2019,2,6.93,2296.6,201.8,26.1,935.2
02/03/2019,2019,3,7.03,2659,396,25.1,890.5
05/03/2019,2019,3,7.02,2282.5,346.5,25.1,689.1
09/03/2019,2019,3,6.99,2526.4,308.4,25.1,820.3
12/03/2019,2019,3,6.98,1880.3,344.3,25.1,600.2
16/03/2019,2019,3,7.27,2361.6,312.9,25.1,708.3
19/03/2019,2019,3,7.12,944.1,360.8,25.1,726.6
23/03/2019,2019,3,7.07,2035.9,355,25.1,774.8
26/03/2019,2019,3,7,2110.4,376,25.1,736.6
02/04/2019,2019,4,6.9,2206.3,459.5,27.1,656.2
05/04/2019,2019,4,7.14,2086.3,507.5,26.1,674
09/04/2019,2019,4,7.14,1794.4,417.5,27.1,637.8
12/04/2019,2019,4,7.1,1672.1,336,26.1,602.8
16/04/2019,2019,4,6.94,1764,471.3,26.1,631.7
19/04/2019,2019,4,7.09,2248.8,471.8,26.1,606.7
23/04/2019,2019,4,6.91,984.9,394.2,26.1,495.8
26/04/2019,2019,4,7.03,2363.2,422.1,26.1,767.8
02/05/2019,2019,5,7.28,2051.5,298.3,29.1,624.8
05/05/2019,2019,5,7.06,1360.3,306.6,29.1,656.7
09/05/2019,2019,5,7.2,1491.9,302.3,28.1,629.4
12/05/2019,2019,5,6.88,1388.6,321.7,28.1,607.7
16/05/2019,2019,5,7.19,1508.7,325.1,28.1,721.8
19/05/2019,2019,5,7.02,1238,271.4,28.1,608.2
23/05/2019,2019,5,7.15,1233,323.6,29.1,464.5
26/05/2019,2019,5,7.08,1728,267.7,28.1,651.7
02/06/2019,2019,6,7.38,1583.4,213.6,29.1,817.8
05/06/2019,2019,6,7.39,1291.9,244.3,29.1,929.3
09/06/2019,2019,6,7.29,1132.6,226.8,28.1,574.3
12/06/2019,2019,6,7.26,2418.5,218.4,29.1,900.9
16/06/2019,2019,6,7.22,1950.3,211.6,29.1,819.9
19/06/2019,2019,6,7.17,1613.9,248.4,28.1,834.8
23/06/2019,2019,6,7.19,3153.4,225.3,28.1,819.3
26/06/2019,2019,6,7.11,2855.9,259.6,29.1,999.8
02/07/2019,2019,7,7.07,1845.5,244.9,24.1,691.2
05/07/2019,2019,7,7.11,1760,217.9,24.1,834
09/07/2019,2019,7,6.94,1729.5,223.5,25.1,928.6
12/07/2019,2019,7,6.86,2233.9,239.9,24.1,718.5
16/07/2019,2019,7,7.03,2270.7,220.7,25.1,825.6
19/07/2019,2019,7,6.9,1599.2,201.8,25.1,716.6
23/07/2019,2019,7,6.94,2204.5,202.9,24.1,740.9
26/07/2019,2019,7,7.16,2356.6,216.5,25.1,713.2
02/08/2019,2019,8,7.51,2887.7,487.3,27.1,956.5
05/08/2019,2019,8,7.54,2352.1,563.1,27.1,1007.1
09/08/2019,2019,8,7.46,2167.4,566.4,27.1,707.6
12/08/2019,2019,8,7.25,2161.5,496.6,26.1,693
16/08/2019,2019,8,7.4,2052.4,456.3,26.1,771.3
19/08/2019,2019,8,7.55,2498.7,409.6,27.1,1035.5
23/08/2019,2019,8,7.41,2132.4,436.2,27.1,600.3
26/08/2019,2019,8,7.48,3347.7,440.5,27.1,932.7
02/09/2019,2019,9,6.79,1481.9,383.7,26.1,510.6
05/09/2019,2019,9,6.79,1851,555.3,24.1,530.3
09/09/2019,2019,9,6.62,2125.8,477.2,24.1,484.5
12/09/2019,2019,9,6.8,1989.2,487.3,25.1,616.5
16/09/2019,2019,9,6.93,1937.6,468.4,25.1,638.8
19/09/2019,2019,9,6.69,2457.5,440.4,25.1,572.6
23/09/2019,2019,9,6.97,1984.5,463.1,24.1,608.6
26/09/2019,2019,9,6.9,1372.4,404.6,25.1,455.1
02/10/2019,2019,10,7.32,1053.5,313.4,27.1,509.3
05/10/2019,2019,10,7.16,706.5,288,26.1,477.8
09/10/2019,2019,10,7.27,852.8,294.3,27.1,544.7
12/10/2019,2019,10,7.23,738.7,336.5,27.1,444.2
16/10/2019,2019,10,7.22,939.4,292.9,27.1,644.3
19/10/2019,2019,10,7.15,1167.5,301.2,27.1,739.5
23/10/2019,2019,10,7.04,611.1,262,27.1,450.8
26/10/2019,2019,10,7.05,690.5,287.6,27.1,577.4
02/11/2019,2019,11,7.57,827.4,263.2,26.1,689.2
05/11/2019,2019,11,7.33,723.8,231.1,26.1,641.2
09/11/2019,2019,11,7.37,456,261,26.1,604.9
12/11/2019,2019,11,7.47,704.4,276.4,26.1,696.7
16/11/2019,2019,11,7.59,492.1,303.6,26.1,625.5
19/11/2019,2019,11,7.53,943.7,250.3,26.1,801.2
23/11/2019,2019,11,7.5,693.5,226.9,26.1,550.4
26/11/2019,2019,11,7.48,1063.3,283.4,26.1,658.1
02/12/2019,2019,12,7.3,3441.7,395.7,25.1,886
05/12/2019,2019,12,7.21,2979.9,314.8,25.1,847.4
09/12/2019,2019,12,7.18,2225.2,383.1,26.1,917.5
12/12/2019,2019,12,7.17,2699.4,386.8,25.1,935.1
16/12/2019,2019,12,7.28,2813.1,413.7,25.1,963.4
19/12/2019,2019,12,7.23,4753,419.9,25.1,981.1
23/12/2019,2019,12,7.47,3287.9,368.9,26.1,1046.7
26/12/2019,2019,12,7.09,2199.8,381.1,26.1,992.4
02/01/2020,2020,1,7.49,3275.3,182.5,28.1,1593.9
05/01/2020,2020,1,7.35,1887.7,202,27.1,764.2
09/01/2020,2020,1,7.2,2945.4,202.8,27.1,1007.5
12/01/2020,2020,1,7.37,3550.8,181.6,27.1,1177.5
16/01/2020,2020,1,7.55,3986.7,197.8,28.1,1089.3
19/01/2020,2020,1,7.38,4234,208,28.1,1400.3
23/01/2020,2020,1,7.32,3409,207.3,28.1,1277.6
26/01/2020,2020,1,7.53,2711.1,209.9,27.1,1164.1
02/02/2020,2020,2,7.28,2546,206,26.1,784.1
05/02/2020,2020,2,7.19,2631.7,199.7,25.1,1055.9
09/02/2020,2020,2,7.38,2225.4,182.5,26.1,981.4
12/02/2020,2020,2,7.37,2960.4,253.2,26.1,1254.9
16/02/2020,2020,2,7.41,1897.2,238.3,25.1,726.7
19/02/2020,2020,2,7.29,2290.1,198.9,26.1,961.6
23/02/2020,2020,2,7.22,2247.3,219.3,26.1,931.1
26/02/2020,2020,2,7.1,2321.9,222.1,27.1,1077.8
02/03/2020,2020,3,6.97,1008.5,217.2,25.1,558.4
05/03/2020,2020,3,7.15,1372.4,243.7,25.1,528.3
09/03/2020,2020,3,7.23,1419.4,219.8,25.1,700.7
12/03/2020,2020,3,7.1,1257,205.4,25.1,620.2
16/03/2020,2020,3,6.86,1317.9,207.3,25.1,671
19/03/2020,2020,3,6.93,1096.6,202.9,25.1,596.2
23/03/2020,2020,3,7.2,1084.7,216.9,25.1,479.4
26/03/2020,2020,3,7.02,1443.5,246.7,25.1,659.4
02/04/2020,2020,4,7.03,2045.4,180.3,25.1,811.1
05/04/2020,2020,4,6.99,2157.7,195.7,25.1,847.6
09/04/2020,2020,4,7.05,1810.6,169.3,25.1,676.6
12/04/2020,2020,4,7.18,1240.5,191.5,25.1,705.8
16/04/2020,2020,4,6.96,1435.4,152.4,25.1,742.5
19/04/2020,2020,4,7.14,2345.4,163.7,25.1,896.3
23/04/2020,2020,4,6.88,2048,149.7,26.1,809.7
26/04/2020,2020,4,7.02,2037,173.4,25.1,855.3
02/05/2020,2020,5,7.47,3035.4,367.1,27.1,1012.3
05/05/2020,2020,5,7.37,1653.3,395.5,28.1,534.3
09/05/2020,2020,5,7.53,1879.1,429.1,27.1,859.9
12/05/2020,2020,5,7.19,2397.9,413.1,27.1,723.9
16/05/2020,2020,5,7.21,2171.2,379.2,27.1,833.1
19/05/2020,2020,5,7.11,2352.6,410.1,27.1,718.5
23/05/2020,2020,5,7.29,1251.9,354.7,27.1,892.8
26/05/2020,2020,5,7.39,2858.5,451.2,27.1,977.9
02/06/2020,2020,6,7.61,939,335.8,27.1,594.8
05/06/2020,2020,6,7.56,1042.5,284.2,27.1,812.6
09/06/2020,2020,6,7.68,1044.9,313,27.1,858.8
12/06/2020,2020,6,7.53,970.2,329.5,27.1,792.6
16/06/2020,2020,6,7.59,1098.1,377.1,27.1,696.1
19/06/2020,2020,6,7.74,796.4,293.1,27.1,670.6
23/06/2020,2020,6,7.64,742,355.4,28.1,857.5
26/06/2020,2020,6,7.59,1294.8,368,27.1,765.8
02/07/2020,2020,7,7.26,840.7,218.8,27.1,606.9
05/07/2020,2020,7,7.08,883.5,208.5,27.1,576
09/07/2020,2020,7,7.04,924.4,178.3,27.1,653.1
12/07/2020,2020,7,7.03,1439.6,252.7,26.1,564.6
16/07/2020,2020,7,6.74,928.5,235.1,27.1,607.5
19/07/2020,2020,7,7.12,1406.1,231.8,27.1,623.4
23/07/2020,2020,7,7.04,1036.7,224.6,27.1,479.4
26/07/2020,2020,7,7.08,940.5,194.2,27.1,539.4
02/08/2020,2020,8,7.21,1830.9,237.8,26.1,820.6
05/08/2020,2020,8,7.21,2192,208.6,27.1,942.6
09/08/2020,2020,8,7.38,2278.1,291.4,26.1,994.8
12/08/2020,2020,8,7.14,2824.9,256.4,26.1,1033.7
16/08/2020,2020,8,7.39,3087,235,27.1,932.7
19/08/2020,2020,8,7.25,3164.5,275.6,27.1,1027.6
23/08/2020,2020,8,7.21,3566.4,224.2,27.1,1218.7
26/08/2020,2020,8,7.53,2504.3,255,27.1,1080.6
02/09/2020,2020,9,7.42,3362.8,575.2,28.1,911.7
05/09/2020,2020,9,7.53,2111,638.1,28.1,751.3
09/09/2020,2020,9,7.34,2474.5,679.2,27.1,872.3
12/09/2020,2020,9,7.51,1377.8,520.5,28.1,935
16/09/2020,2020,9,7.73,3167.3,639.6,28.1,883.1
19/09/2020,2020,9,7.63,3313.1,601.7,28.1,797.6
23/09/2020,2020,9,7.7,2192.2,623.2,27.1,704
26/09/2020,2020,9,7.55,2001.3,642.4,27.1,458.7
02/10/2020,2020,10,7.03,2808.9,379.8,26.1,809.1
05/10/2020,2020,10,6.81,2822.9,337.4,26.1,715.9
09/10/2020,2020,10,6.86,2559.7,265.8,25.1,871.8
12/10/2020,2020,10,6.94,3083.1,397.8,25.1,676.3
16/10/2020,2020,10,6.72,3689.5,379,25.1,715.4
19/10/2020,2020,10,6.87,1663,300.1,26.1,559.3
23/10/2020,2020,10,6.73,2291.1,335.9,25.1,683.4
26/10/2020,2020,10,6.93,3081.9,404.4,25.1,649.7
02/11/2020,2020,11,7.78,3541.6,261.2,27.1,1463.4
05/11/2020,2020,11,8.19,3463.9,289.8,26.1,1024.9
09/11/2020,2020,11,7.7,4173.3,296,27.1,1857.1
12/11/2020,2020,11,7.86,4988.5,248.8,27.1,1739.6
16/11/2020,2020,11,7.88,3127,302.8,27.1,1220
19/11/2020,2020,11,8.02,4167.8,266.9,27.1,2108.2
23/11/2020,2020,11,7.9,6922.9,338.7,27.1,1940.4
26/11/2020,2020,11,7.8,4191,307.8,27.1,1411.1
02/12/2020,2020,12,7.22,6764.3,413.1,25.1,1563.8
05/12/2020,2020,12,7.48,6206.8,442.4,26.1,1125.8
09/12/2020,2020,12,7.18,6107.4,370.7,25.1,1289.8
12/12/2020,2020,12,7.2,5659.9,396.3,25.1,1082.7
16/12/2020,2020,12,7.22,7374.1,404.7,25.1,1404.3
19/12/2020,2020,12,7.13,5544.2,358,25.1,1200.8
23/12/2020,2020,12,7.01,5784.6,393.5,25.1,1261.2
26/12/2020,2020,12,7.25,4158.6,341.4,25.1,1194.1
02/01/2021,2021,1,6.95,4788.8,516.5,25.1,893.2
05/01/2021,2021,1,6.73,4442.1,549.5,25.1,877.2
09/01/2021,2021,1,7.15,3863.8,517.9,25.1,753.7
12/01/2021,2021,1,6.9,4138.9,610.7,25.1,935.9
16/01/2021,2021,1,7.01,3515.1,443.7,26.1,982.8
19/01/2021,2021,1,6.82,3694,527.1,25.1,853.2
23/01/2021,2021,1,6.96,5143.6,449.2,26.1,688.2
26/01/2021,2021,1,6.77,6013.8,409.3,25.1,822.9
02/02/2021,2021,2,7.14,4437.7,464.2,28.1,998.4
05/02/2021,2021,2,7.26,2363.2,550.5,28.1,822.1
09/02/2021,2021,2,7.09,3987.1,521.9,28.1,995
12/02/2021,2021,2,7.2,4238.7,494.8,27.1,951.1
16/02/2021,2021,2,7.24,3738,428.3,28.1,966.9
19/02/2021,2021,2,7.27,3994.9,578.4,28.1,738.8
23/02/2021,2021,2,7.1,2226.8,458.6,29.1,586
26/02/2021,2021,2,7.38,3781.5,487.2,28.1,769.8
02/03/2021,2021,3,7.3,2788.6,405.8,27.1,633.2
05/03/2021,2021,3,7.3,2793.2,575,27.1,1039.2
09/03/2021,2021,3,7.29,4117.7,542.9,27.1,948.2
12/03/2021,2021,3,7.29,2705.9,446.1,28.1,1031.5
16/03/2021,2021,3,7.29,3140,447,27.1,1056.7
19/03/2021,2021,3,7.32,4262.6,587.4,27.1,802.3
23/03/2021,2021,3,7.29,2923.5,480.1,28.1,926
26/03/2021,2021,3,7.39,2948.5,475.8,28.1,938.2
02/04/2021,2021,4,7.51,4598.1,500.3,32.1,968.9
05/04/2021,2021,4,7.4,4095.9,468.8,31.1,1044.9
09/04/2021,2021,4,7.33,4548.7,413.2,32.1,910.3
12/04/2021,2021,4,7.25,2710.5,420.1,33.1,881.2
16/04/2021,2021,4,7.45,3835.3,456.6,31.1,944.1
19/04/2021,2021,4,7.13,3102.8,358.5,32.1,758.7
23/04/2021,2021,4,7.43,4929.6,520.3,32.1,1042.1
26/04/2021,2021,4,7.22,4259.1,470.3,31.1,983.5
02/05/2021,2021,5,7.03,5504.1,427.1,29.1,944.7
05/05/2021,2021,5,7.38,5728.3,390.4,28.1,1299.6
09/05/2021,2021,5,7.13,7148.9,376.8,28.1,1317.7
12/05/2021,2021,5,6.96,6386.3,385.6,28.1,1258.2
16/05/2021,2021,5,7.29,6333.1,332.8,28.1,1290.9
19/05/2021,2021,5,7.14,3933.5,426,28.1,1047.4
23/05/2021,2021,5,7.23,5830.5,439.1,28.1,1167.3
26/05/2021,2021,5,7.27,6655.4,382.3,28.1,1198.9
02/06/2021,2021,6,7.39,7749.4,719.2,28.1,1018.2
05/06/2021,2021,6,7.16,5871.1,746.5,28.1,1090.6
09/06/2021,2021,6,7.25,5205.2,806.5,27.1,1177.2
12/06/2021,2021,6,7.31,6834.4,644.6,28.1,915.9
16/06/2021,2021,6,7.28,6296.9,615.7,28.1,998.6
19/06/2021,2021,6,7.39,7383.5,702.3,27.1,1028.9
23/06/2021,2021,6,7.31,8801.3,636.6,28.1,976.9
26/06/2021,2021,6,7.15,4498.2,712.5,28.1,1044.2
02/07/2021,2021,7,6.9,1695.7,307,28.1,608
05/07/2021,2021,7,7.02,1663,314.2,28.1,612.5
09/07/2021,2021,7,7.21,2068.6,348.1,28.1,803.6
12/07/2021,2021,7,6.96,2673.7,281.2,28.1,732.3
16/07/2021,2021,7,6.9,2213.1,267.5,28.1,632
19/07/2021,2021,7,6.98,2049,277.8,28.1,647.9
23/07/2021,2021,7,6.85,2299.4,265.9,28.1,691.2
26/07/2021,2021,7,7.18,1857.6,338.1,27.1,810.2
02/08/2021,2021,8,7.69,1556.7,421.1,27.1,857.8
05/08/2021,2021,8,7.93,1439.9,431.5,26.1,789
09/08/2021,2021,8,8.08,1650.2,395.5,27.1,856.5
12/08/2021,2021,8,7.7,1233,434,27.1,875
16/08/2021,2021,8,7.87,1762.5,486.2,28.1,749.9
19/08/2021,2021,8,7.71,1478.8,394.8,27.1,848
23/08/2021,2021,8,7.93,1578.1,472,27.1,755.4
26/08/2021,2021,8,7.65,1636.8,484.9,27.1,924.3
02/09/2021,2021,9,7.95,1531.4,433.9,26.1,895.2
05/09/2021,2021,9,7.94,1560.7,457.1,26.1,767.3
09/09/2021,2021,9,8.13,1093.5,406,27.1,903.3
12/09/2021,2021,9,8.1,944.8,445.3,27.1,945.1
16/09/2021,2021,9,8.03,1503.2,425.4,27.1,745.8
19/09/2021,2021,9,7.94,1285.5,389.1,26.1,1002.7
23/09/2021,2021,9,8.06,2013,453.2,26.1,1104.4
26/09/2021,2021,9,7.86,1188.1,430,27.1,685.8
02/10/2021,2021,10,7.11,1467.6,202.7,27.1,732.2
05/10/2021,2021,10,7.05,1618.8,180,26.1,645.1
09/10/2021,2021,10,7.46,1351.4,197.5,26.1,605.9
12/10/2021,2021,10,7.4,1608,228.3,27.1,856.9
16/10/2021,2021,10,7.04,1231,225.1,27.1,650.4
19/10/2021,2021,10,7.37,1203.9,201.9,26.1,763.2
23/10/2021,2021,10,7.13,1335.2,200.9,27.1,708.8
26/10/2021,2021,10,7.2,1144.1,237.9,26.1,795.2
02/11/2021,2021,11,7.3,2480.6,283.9,26.1,879.6
05/11/2021,2021,11,7.62,1244,304.5,26.1,831.5
09/11/2021,2021,11,7.43,2015.9,302.6,26.1,1081.1
12/11/2021,2021,11,7.46,2155.3,327.5,26.1,1060.3
16/11/2021,2021,11,7.82,2380.7,327.5,26.1,777.3
19/11/2021,2021,11,7.54,2450.1,314.3,26.1,859.7
23/11/2021,2021,11,7.45,2110,290.5,26.1,819.4
26/11/2021,2021,11,7.23,2315.5,321.2,26.1,1005.5
02/12/2021,2021,12,7.17,1935.4,177.5,26.1,1203.1
05/12/2021,2021,12,7.14,2617,212.4,25.1,919.8
09/12/2021,2021,12,7.24,1879.7,221.8,25.1,1057.1
12/12/2021,2021,12,7.21,3133.6,214.5,26.1,905.3
16/12/2021,2021,12,7.25,2433.5,244.9,25.1,926.5
19/12/2021,2021,12,7.11,2452.7,190.9,25.1,937.6
23/12/2021,2021,12,7.39,1842.9,219,25.1,823.8
26/12/2021,2021,12,7.41,3033.3,198.9,25.1,998
02/01/2022,2022,1,7.47,10473.1,442.7,26.1,1889.1
05/01/2022,2022,1,7.48,12758.1,451.3,27.1,1666.7
09/01/2022,2022,1,7.42,8371.4,389.1,27.1,1915.3
12/01/2022,2022,1,7.62,11519.9,434.5,27.1,1726.4
16/01/2022,2022,1,7.33,14699.4,461.4,27.1,1983.8
19/01/2022,2022,1,7.38,9004.7,476.5,27.1,1423.1
23/01/2022,2022,1,7.8,8155.5,399.2,27.1,1598
26/01/2022,2022,1,7.34,9018,321.2,27.1,1670.4
02/02/2022,2022,2,6.45,8958.4,482,26.1,885.5
05/02/2022,2022,2,6.56,8194.8,509.5,26.1,1052.2
09/02/2022,2022,2,6.53,7433.8,520.9,26.1,824.8
12/02/2022,2022,2,6.74,7173.2,497.1,26.1,950.4
16/02/2022,2022,2,6.66,9679.5,421.6,26.1,1104.2
19/02/2022,2022,2,6.49,10774.9,516.1,26.1,917.2
23/02/2022,2022,2,6.75,5747.1,517.6,26.1,700.6
26/02/2022,2022,2,6.47,8438.2,471.3,26.1,647.5
02/03/2022,2022,3,7.56,3588.3,374.6,27.1,1492.8
05/03/2022,2022,3,7.77,6486.8,454.8,27.1,1080.2
09/03/2022,2022,3,7.62,7021.4,392.4,27.1,1364.7
12/03/2022,2022,3,7.9,7986,422.7,27.1,1725.1
16/03/2022,2022,3,7.88,4939.6,404.1,27.1,1666.2
19/03/2022,2022,3,7.68,6313.2,371.4,27.1,1468.9
23/03/2022,2022,3,7.7,5993.3,411.9,27.1,1684.6
26/03/2022,2022,3,7.73,6551.5,440.2,27.1,1779.9
02/04/2022,2022,4,7.55,2567.6,468.9,26.1,891.1
05/04/2022,2022,4,7.66,1904.4,415,27.1,717.3
09/04/2022,2022,4,7.51,1764.4,477.2,27.1,772.7
12/04/2022,2022,4,7.39,1808.5,445.5,26.1,929.1
16/04/2022,2022,4,7.62,2652.4,375.8,27.1,1036.2
19/04/2022,2022,4,7.58,2262.6,483.5,27.1,1086.3
23/04/2022,2022,4,7.38,2121.1,488.7,26.1,824.1
26/04/2022,2022,4,7.55,1159,461.4,27.1,766.4
02/05/2022,2022,5,7.51,4123.2,465.9,27.1,1084
05/05/2022,2022,5,7.71,3329.8,419,27.1,1142
09/05/2022,2022,5,7.56,3200.5,438.1,27.1,1092.7
12/05/2022,2022,5,7.5,3699.9,392.1,27.1,929.5
16/05/2022,2022,5,7.66,5199.7,445.2,27.1,1475.7
19/05/2022,2022,5,7.3,5182.5,495.1,27.1,1114.5
23/05/2022,2022,5,7.41,3657.1,477.6,27.1,1008.8
26/05/2022,2022,5,7.6,5367.2,507,27.1,1280.6
02/06/2022,2022,6,7.72,4915.3,416.6,25.1,1259.8
05/06/2022,2022,6,7.54,3297.2,472.2,26.1,1382.3
09/06/2022,2022,6,7.7,3113.4,507.4,26.1,1023.7
12/06/2022,2022,6,7.5,4218.4,487.1,26.1,983.3
16/06/2022,2022,6,7.42,3742.4,467.3,25.1,854.8
19/06/2022,2022,6,7.56,3942.8,399.6,26.1,1227.6
23/06/2022,2022,6,7.5,2898.3,436.4,26.1,1200.8
26/06/2022,2022,6,7.39,4624.3,477.5,26.1,1030.2
02/07/2022,2022,7,7.25,1534.1,226,26.1,833.8
05/07/2022,2022,7,7.2,2187.7,208.9,27.1,707
09/07/2022,2022,7,7.2,1893.4,209.9,26.1,857.9
12/07/2022,2022,7,7.25,2245.2,198.6,26.1,1045.4
16/07/2022,2022,7,7.34,1593.6,190.9,26.1,950.7
19/07/2022,2022,7,7.14,2848.2,211.5,26.1,1061.2
23/07/2022,2022,7,7.25,1875.7,194.8,26.1,861.7
26/07/2022,2022,7,7.29,1886.2,239.4,25.1,923.8
02/08/2022,2022,8,7.57,1261.9,400.9,27.1,912
05/08/2022,2022,8,7.64,1504.1,405.1,26.1,792.3
09/08/2022,2022,8,7.7,1995.2,332.2,27.1,645
12/08/2022,2022,8,7.6,1637.2,342.1,27.1,852
16/08/2022,2022,8,7.61,1611,407.2,27.1,854.5
19/08/2022,2022,8,7.63,1613.4,364,27.1,690.6
23/08/2022,2022,8,7.55,1679,297,27.1,871
26/08/2022,2022,8,7.5,1258.2,323.5,27.1,798.5
02/09/2022,2022,9,7.24,2137.1,384.6,26.1,842.2
05/09/2022,2022,9,7.58,2110.3,387.5,26.1,788.6
09/09/2022,2022,9,7.57,2710.2,386.3,25.1,782.4
12/09/2022,2022,9,7.26,920.2,440.4,25.1,718.2
16/09/2022,2022,9,7.39,1159.3,402.8,26.1,521.8
19/09/2022,2022,9,7.29,1921.4,414.8,26.1,847.8
23/09/2022,2022,9,7.44,1133.2,454.2,27.1,866.5
26/09/2022,2022,9,7.43,1284.3,393.3,26.1,745.4
02/10/2022,2022,10,7.46,2913,449.8,27.1,1017.6
05/10/2022,2022,10,7.4,1882.3,390.3,27.1,771.2
09/10/2022,2022,10,7.46,2557.9,406.5,26.1,976.1
12/10/2022,2022,10,7.34,1804,470.1,28.1,805.6
16/10/2022,2022,10,7.5,1198.1,475.7,27.1,703.6
19/10/2022,2022,10,7.36,2140.2,477,27.1,658.5
23/10/2022,2022,10,7.36,1875.7,403.2,27.1,727.3
26/10/2022,2022,10,7.33,2268.8,463.4,27.1,1011.4
02/11/2022,2022,11,7.62,1894.1,398.6,28.1,777
05/11/2022,2022,11,7.46,2762.8,401.5,27.1,768.2
09/11/2022,2022,11,7.35,3504.3,497.9,27.1,852.4
12/11/2022,2022,11,7.53,2451.1,390.1,27.1,971.7
16/11/2022,2022,11,7.51,4594.7,520.5,27.1,990.8
19/11/2022,2022,11,7.48,3087.4,441.1,26.1,1265.1
23/11/2022,2022,11,7.59,2641.2,427.5,27.1,1056.8
26/11/2022,2022,11,7.44,3384.3,442.7,28.1,991.5
02/12/2022,2022,12,7.34,2699.6,393.2,27.1,909.7
05/12/2022,2022,12,7.45,2949.5,413.8,27.1,1054.6
09/12/2022,2022,12,7.34,2660.4,456.3,27.1,913
12/12/2022,2022,12,7.39,2258.3,552.8,27.1,850.5
16/12/2022,2022,12,7.57,2521.1,369.8,28.1,821.1
19/12/2022,2022,12,7.41,1798.2,434.8,27.1,757.7
23/12/2022,2022,12,7.47,2087.5,390.4,28.1,765.7
26/12/2022,2022,12,7.31,3665.5,396.9,27.1,1133.2
02/01/2023,2023,1,7.38,6308.8,732.9,27.1,813.4
05/01/2023,2023,1,7.27,6817.8,619.3,28.1,1080.4
09/01/2023,2023,1,7.4,7114.3,621.1,27.1,1031.4
12/01/2023,2023,1,7.26,6939.4,569.2,28.1,723
16/01/2023,2023,1,7.1,6326.7,621.2,27.1,967.2
19/01/2023,2023,1,7.19,9647.7,704.2,28.1,1511
23/01/2023,2023,1,7.35,10024.6,724.2,27.1,1542
26/01/2023,2023,1,7.21,7700.6,703.9,28.1,1064.4
02/02/2023,2023,2,7.44,2723,405.4,27.1,989.5
05/02/2023,2023,2,7.55,2730.3,434.3,27.1,667.4
09/02/2023,2023,2,7.32,3038.6,399.3,27.1,936.2
12/02/2023,2023,2,7.44,1353.7,543.6,27.1,778.5
16/02/2023,2023,2,7.68,1776.3,456.3,27.1,912.7
19/02/2023,2023,2,7.59,2948.4,454.8,27.1,945.3
23/02/2023,2023,2,7.61,1962.7,481.5,27.1,944.7
26/02/2023,2023,2,7.45,1955,496.9,27.1,956.8
02/03/2023,2023,3,7.29,1759,647.7,28.1,468.3
05/03/2023,2023,3,7.19,1605.6,567.8,28.1,479
09/03/2023,2023,3,7.45,1385.8,707.3,28.1,549.3
12/03/2023,2023,3,7.3,1009.5,686.7,27.1,506.6
16/03/2023,2023,3,7.54,1148.1,536,28.1,578.2
19/03/2023,2023,3,7.1,1464.8,570.5,28.1,531.8
23/03/2023,2023,3,7.23,895.9,497.5,28.1,477.9
26/03/2023,2023,3,7.3,1211.2,578.5,28.1,403.4
02/04/2023,2023,4,7.33,814.7,645.6,27.1,657.2
05/04/2023,2023,4,7.19,1530.8,694.2,27.1,503.7
09/04/2023,2023,4,7.26,1802.4,585,27.1,543.5
12/04/2023,2023,4,7.28,1690.6,591.8,27.1,455.8
16/04/2023,2023,4,7.5,1738.5,610.4,26.1,563.9
19/04/2023,2023,4,7.05,1884,513.4,27.1,527.7
23/04/2023,2023,4,7.45,1233.8,634.5,27.1,483.2
26/04/2023,2023,4,7.19,1209.2,525.2,26.1,496.2
02/05/2023,2023,5,7.42,3772,592.6,27.1,943
05/05/2023,2023,5,7.15,3079.1,652.4,27.1,886.8
09/05/2023,2023,5,7.39,2607.7,578.2,27.1,788.6
12/05/2023,2023,5,7.21,3656.2,572.3,27.1,610.2
16/05/2023,2023,5,7.48,3492.4,613.9,26.1,831
19/05/2023,2023,5,7.22,2761.7,587.5,27.1,825.1
23/05/2023,2023,5,7.17,3328,561.2,27.1,864.9
26/05/2023,2023,5,7.35,4190.9,609.9,26.1,950.4
02/06/2023,2023,6,7.33,3063.7,671.9,27.1,700.1
05/06/2023,2023,6,7.29,3116.9,555.7,28.1,890.3
09/06/2023,2023,6,7.36,2462.9,585.5,27.1,802.5
12/06/2023,2023,6,7.13,1948.6,568.7,28.1,656
16/06/2023,2023,6,7.21,3203.7,624.8,27.1,876.6
19/06/2023,2023,6,7.28,2860.9,588.5,27.1,704.7
23/06/2023,2023,6,7.52,3216.9,647.3,27.1,860.2
26/06/2023,2023,6,7.28,2878.4,557.6,27.1,611.1
02/07/2023,2023,7,7.68,732.9,226.2,27.1,836.5
05/07/2023,2023,7,7.97,1028.8,203.5,27.1,735.7
09/07/2023,2023,7,8.11,730.4,225.2,27.1,748.5
12/07/2023,2023,7,7.78,466.1,225.4,27.1,660.8
16/07/2023,2023,7,7.67,773.4,229.7,27.1,717.5
19/07/2023,2023,7,7.78,496.6,239.9,27.1,725.8
23/07/2023,2023,7,7.83,802.8,205.2,27.1,777.1
26/07/2023,2023,7,7.9,1401.1,260.9,27.1,865.4
02/08/2023,2023,8,7.51,1164,256.9,26.1,913.5
05/08/2023,2023,8,7.6,1116.3,232.5,27.1,857.4
09/08/2023,2023,8,7.45,1902.7,268.4,27.1,694.2
12/08/2023,2023,8,7.81,1466.6,222.2,27.1,849.6
16/08/2023,2023,8,7.76,1861.6,214.6,27.1,989.9
19/08/2023,2023,8,7.52,1566.1,235.9,26.1,946.6
23/08/2023,2023,8,7.57,1274.8,235.6,27.1,1040.9
26/08/2023,2023,8,7.68,2032,254,27.1,1070.2
02/09/2023,2023,9,7.87,2966.3,337.5,26.1,1141.2
05/09/2023,2023,9,7.45,1777.1,315.1,26.1,893.1
09/09/2023,2023,9,7.93,2327.6,305.1,28.1,1159.3
12/09/2023,2023,9,7.98,4372.8,325.9,27.1,1499.1
16/09/2023,2023,9,7.68,2444.5,332.7,27.1,1083
19/09/2023,2023,9,7.69,3600.8,339.6,27.1,1231.2
23/09/2023,2023,9,7.76,3172.8,353.6,27.1,1295.1
26/09/2023,2023,9,7.72,2378.1,330.7,27.1,1141.2
02/10/2023,2023,10,6.98,3517,527.3,26.1,801.8
05/10/2023,2023,10,7.19,4295.4,568.5,26.1,815
09/10/2023,2023,10,7.2,4718.6,606.1,26.1,768.7
12/10/2023,2023,10,7.15,3187.4,598.2,26.1,795.6
16/10/2023,2023,10,7.08,4656,574.4,27.1,835.4
19/10/2023,2023,10,7.02,5799.1,494.4,26.1,1040
23/10/2023,2023,10,6.9,5185.2,619.9,26.1,915.2
26/10/2023,2023,10,7.28,4081.3,699.1,26.1,874.6
02/11/2023,2023,11,7.27,1353,543.7,25.1,856.5
05/11/2023,2023,11,7.42,3247.6,467.1,26.1,791.3
09/11/2023,2023,11,7.33,3329.9,507.4,26.1,866.5
12/11/2023,2023,11,7.32,2143.8,497.1,26.1,801.2
16/11/2023,2023,11,7.25,3194.1,488.9,26.1,934
19/11/2023,2023,11,7.55,3039.7,507.9,26.1,912.4
23/11/2023,2023,11,7.3,4077.1,457,26.1,786.9
26/11/2023,2023,11,7.43,2414.8,554.9,26.1,1070.2
02/12/2023,2023,12,7.57,3389.5,820.8,26.1,777.4
05/12/2023,2023,12,7.39,4718.9,633.8,27.1,882.8
09/12/2023,2023,12,7.36,2865.1,667.6,27.1,647.7
12/12/2023,2023,12,7.47,2751.5,664.9,28.1,710.5
16/12/2023,2023,12,7.29,2106.2,661.5,26.1,551.2
19/12/2023,2023,12,7.54,3760.6,727.1,27.1,728.5
23/12/2023,2023,12,7.29,2837.6,747.6,28.1,835.6
26/12/2023,2023,12,7.29,2338.6,668.7,27.1,695.8
02/01/2024,2024,1,7.52,2740,627.6,27.1,849.8
05/01/2024,2024,1,7.83,2162.1,590.3,26.1,834.8
09/01/2024,2024,1,7.25,2983.2,551.3,27.1,1091.8
12/01/2024,2024,1,7.56,2301.7,641.4,27.1,986.5
16/01/2024,2024,1,7.79,2353.6,713.3,27.1,945.5
19/01/2024,2024,1,7.59,2730.8,602.2,26.1,937.8
23/01/2024,2024,1,7.67,3454.6,485.5,27.1,847.1
26/01/2024,2024,1,7.59,3994.1,652.4,27.1,834
02/02/2024,2024,2,7.29,263,551.6,27.1,226.3
05/02/2024,2024,2,7.22,205.4,573.8,26.1,255.4
09/02/2024,2024,2,7.16,401.7,689.2,26.1,272.6
12/02/2024,2024,2,7.04,384.2,683.7,26.1,254
16/02/2024,2024,2,7.25,496.3,655.7,26.1,366.5
19/02/2024,2024,2,7.36,379.2,541.3,27.1,332.2
23/02/2024,2024,2,7.2,364.7,616.1,26.1,329.8
26/02/2024,2024,2,7.39,433.6,568.5,26.1,391.3
02/03/2024,2024,3,7.27,3211.6,315.7,26.1,1271.1
05/03/2024,2024,3,7.35,2464.7,324.9,27.1,944.2
09/03/2024,2024,3,7.54,2880.6,332.8,26.1,954.5
12/03/2024,2024,3,7.28,2909.9,223.3,27.1,1040.1
16/03/2024,2024,3,7.17,3329,303.7,26.1,776.3
19/03/2024,2024,3,7.24,2725.7,315.3,26.1,976.4
23/03/2024,2024,3,7.48,2261.6,368.2,26.1,967.2
26/03/2024,2024,3,7.39,2936.9,296.1,26.1,875.9
